,0
A,0.0008519506706673119
C,5.143912832044519e-06
D,9.911924341747324e-05
E,0.0001134034936664584
F,1.1000059748525973e-05
G,3.9054168963291853e-05
H,0.00012654025566829517
I,3.53347243001212e-05
K,9.979190894166368e-05
L,0.0006674424742378997
M,1.305762488134378e-05
N,5.705786387544767e-05
P,0.9907750650012523
Q,0.000625618506057353
R,0.00017825636391046584
S,0.001707818628799027
T,0.000599068002131954
V,5.6899589634461684e-05
W,5.02520715130503e-06
Y,1.5550444176873046e-05
_,0.003917801855686338
